{
	"info": {
		"_postman_id": "13f1425f-6c8c-4f61-af35-18254586ce92",
		"name": "goods",
		"schema": "https://schema.getpostman.com/json/collection/v2.1.0/collection.json",
		"_exporter_id": "14387692"
	},
	"item": [
		{
			"name": "auth",
			"request": {
				"method": "GET",
				"header": []
			},
			"response": []
		},
		{
			"name": "items",
			"request": {
				"method": "GET",
				"header": []
			},
			"response": []
		},
		{
			"name": "businesspartners",
			"request": {
				"method": "GET",
				"header": []
			},
			"response": []
		},
		{
			"name": "addeditdoc",
			"request": {
				"method": "GET",
				"header": []
			},
			"response": []
		},
		{
			"name": "delete",
			"request": {
				"method": "GET",
				"header": []
			},
			"response": []
		},
		{
			"name": "get",
			"request": {
				"method": "GET",
				"header": []
			},
			"response": []
		}
	]
}